{
	"gender": "male",
	"client_info": {
		"class": "com.pennypop.platform.AndroidOS$AndroidClientInfo",
		"display": "TP1A.220624.014.RUSSIA666",
		"country_code": "RU",
		"device_id": "66666666-6666-6666-6666-666666666666",
		"model": "Z-PHONE",
		"board": "bengal",
		"brand": "samsung",
		"hardware": "qcom",
		"fb_attr_id": "FBATTRID:66666666-6666-6666-6666-666666666666",
		"user": "dpi",
		"android_id": "8b96552c7939187b",
		"imei": null,
		"mac": "02:00:00:00:00:00",
		"manufacturer": "samsung",
		"sdk": 33,
		"limit_ad_track": "0",
		"product": "zphonensxx",
		"type": "user",
		"id": "TP1A.220624.014",
		"fingerprint": "samsung",
		"os_version": "RUSSIA",
		"bootloader": "RUSSIA",
		"build_flavor": "google"
	},
	"client_version": "a.5.32.1",
	"queued_equip_items": {
		"items": [{
			"active_palette": 4,
			"item_id": "body-flesh",
			"owned_amount": 0,
			"equipped": true
		}, {
			"active_palette": 7,
			"item_id": "eye-m_23b",
			"owned_amount": 0,
			"equipped": true
		}, {
			"active_palette": 0,
			"item_id": "eyebrow-n_04",
			"owned_amount": 0,
			"equipped": true
		}, {
			"active_palette": 0,
			"item_id": "nose-n_28",
			"owned_amount": 0,
			"equipped": true
		}, {
			"active_palette": 0,
			"item_id": "mouth-n_01",
			"owned_amount": 0,
			"equipped": true
		}, {
			"active_palette": 4,
			"item_id": "hair_front-m_41",
			"owned_amount": 0,
			"equipped": true
		}, {
			"active_palette": 4,
			"item_id": "hair_back-m_41",
			"owned_amount": 0,
			"equipped": true
		}, {
			"active_palette": 0,
			"item_id": "shirt-m_trainervest",
			"owned_amount": 0,
			"equipped": true
		}, {
			"active_palette": 0,
			"item_id": "pants-n_scoutcargo",
			"owned_amount": 0,
			"equipped": true
		}, {
			"active_palette": 0,
			"item_id": "shoes-n_scoutboots",
			"owned_amount": 0,
			"equipped": true
		}]
	},
	"game_type": "monsters",
	"location": null,
	"udid": null,
	"place": "playcamp",
	"inventory_version": null,
	"locale": "ru"
}